{"cameraMode":{"drawMode":0,"name":"Shaded","section":"Shading Mode"},"sceneLighting":true,"audioPlay":false,"sceneViewState":{"m_AlwaysRefresh":false,"showFog":true,"showSkybox":true,"showFlares":true,"showImageEffects":true,"showParticleSystems":true,"showVisualEffectGraphs":true,"m_FxEnabled":true},"in2DMode":false,"pivot":{"x":-2.9741573333740236,"y":0.7384636402130127,"z":5.932491302490234},"rotation":{"x":0.13683241605758668,"y":-0.5911791324615479,"z":0.10265600681304932,"w":0.7882442474365234},"size":7.281158447265625,"orthographic":true}